mode,total_trips,avg_travel_time,avg_delay
Bus,3687428,1.5750754962101223,0.15750754962101224
S-Bahn,252805,2.6922755361173625,0.2692275536117363
U-Bahn,255125,1.584254505273512,0.1584254505273512
